{
  "Total" : {
    "transaction" : "Total",
    "sampleCount" : 100000,
    "errorCount" : 6744,
    "errorPct" : 6.744,
    "meanResTime" : 2997.957300000012,
    "medianResTime" : 1299.0,
    "minResTime" : 2.0,
    "maxResTime" : 131214.0,
    "pct1ResTime" : 12996.900000000001,
    "pct2ResTime" : 15492.95,
    "pct3ResTime" : 17258.0,
    "throughput" : 697.705247441166,
    "receivedKBytesPerSec" : 369.90338581094284,
    "sentKBytesPerSec" : 745.1093315024385
  },
  "HTTP Request" : {
    "transaction" : "HTTP Request",
    "sampleCount" : 100000,
    "errorCount" : 6744,
    "errorPct" : 6.744,
    "meanResTime" : 2997.957300000012,
    "medianResTime" : 1299.0,
    "minResTime" : 2.0,
    "maxResTime" : 131214.0,
    "pct1ResTime" : 12996.900000000001,
    "pct2ResTime" : 15492.95,
    "pct3ResTime" : 17258.0,
    "throughput" : 697.705247441166,
    "receivedKBytesPerSec" : 369.90338581094284,
    "sentKBytesPerSec" : 745.1093315024385
  }
}