{
  "Total" : {
    "transaction" : "Total",
    "sampleCount" : 150000,
    "errorCount" : 6996,
    "errorPct" : 4.664,
    "meanResTime" : 10085.285180000026,
    "medianResTime" : 10186.0,
    "minResTime" : 15.0,
    "maxResTime" : 74859.0,
    "pct1ResTime" : 16607.0,
    "pct2ResTime" : 19401.9,
    "pct3ResTime" : 24603.850000000024,
    "throughput" : 888.6255924170616,
    "receivedKBytesPerSec" : 513.0967791950533,
    "sentKBytesPerSec" : 860.0066646919431
  },
  "HTTP Request" : {
    "transaction" : "HTTP Request",
    "sampleCount" : 150000,
    "errorCount" : 6996,
    "errorPct" : 4.664,
    "meanResTime" : 10085.285180000026,
    "medianResTime" : 10186.0,
    "minResTime" : 15.0,
    "maxResTime" : 74859.0,
    "pct1ResTime" : 16607.0,
    "pct2ResTime" : 19401.9,
    "pct3ResTime" : 24603.850000000024,
    "throughput" : 888.6255924170616,
    "receivedKBytesPerSec" : 513.0967791950533,
    "sentKBytesPerSec" : 860.0066646919431
  }
}