{
  "Total" : {
    "transaction" : "Total",
    "sampleCount" : 50000,
    "errorCount" : 30103,
    "errorPct" : 60.206,
    "meanResTime" : 17105.698200000057,
    "medianResTime" : 17174.0,
    "minResTime" : 249.0,
    "maxResTime" : 118100.0,
    "pct1ResTime" : 53938.3000000001,
    "pct2ResTime" : 90760.70000000001,
    "pct3ResTime" : 94790.0,
    "throughput" : 240.02803527452008,
    "receivedKBytesPerSec" : 219.66457244706183,
    "sentKBytesPerSec" : 217.17688344748666
  },
  "HTTP Request" : {
    "transaction" : "HTTP Request",
    "sampleCount" : 50000,
    "errorCount" : 30103,
    "errorPct" : 60.206,
    "meanResTime" : 17105.698200000057,
    "medianResTime" : 17174.0,
    "minResTime" : 249.0,
    "maxResTime" : 118100.0,
    "pct1ResTime" : 53938.3000000001,
    "pct2ResTime" : 90760.70000000001,
    "pct3ResTime" : 94790.0,
    "throughput" : 240.02803527452008,
    "receivedKBytesPerSec" : 219.66457244706183,
    "sentKBytesPerSec" : 217.17688344748666
  }
}