{
  "Total" : {
    "transaction" : "Total",
    "sampleCount" : 40000,
    "errorCount" : 12120,
    "errorPct" : 30.3,
    "meanResTime" : 30500.24987499996,
    "medianResTime" : 28597.5,
    "minResTime" : 55.0,
    "maxResTime" : 120788.0,
    "pct1ResTime" : 80076.9,
    "pct2ResTime" : 87293.20000000001,
    "pct3ResTime" : 97147.98000000001,
    "throughput" : 190.76779267356292,
    "receivedKBytesPerSec" : 89.39525473312779,
    "sentKBytesPerSec" : 218.6750342189728
  },
  "HTTP Request" : {
    "transaction" : "HTTP Request",
    "sampleCount" : 40000,
    "errorCount" : 12120,
    "errorPct" : 30.3,
    "meanResTime" : 30500.24987499996,
    "medianResTime" : 28597.5,
    "minResTime" : 55.0,
    "maxResTime" : 120788.0,
    "pct1ResTime" : 80076.9,
    "pct2ResTime" : 87293.20000000001,
    "pct3ResTime" : 97147.98000000001,
    "throughput" : 190.76779267356292,
    "receivedKBytesPerSec" : 89.39525473312779,
    "sentKBytesPerSec" : 218.6750342189728
  }
}